system,subset,steps,lambda,repeat_index,repeat_number,mean,std,count
tfim,early5,"1100,1200,1300,1400,1500",1e-08,0,1,0.014333377101314904,0.002788549959855067,5
tfim,early5,"1100,1200,1300,1400,1500",1e-07,0,1,0.013868644491487687,0.002638388770681293,5
tfim,early5,"1100,1200,1300,1400,1500",1e-06,0,1,0.011967680291771556,0.002382080120106115,5
tfim,early5,"1100,1200,1300,1400,1500",1e-05,0,1,0.012488466572447107,0.002252706862297708,5
tfim,early5,"1100,1200,1300,1400,1500",0.0001,0,1,0.013289442797687756,0.0022216076841398515,5
tfim,early5,"1100,1200,1300,1400,1500",0.001,0,1,0.013926871656692808,0.0020830891824668673,5
tfim,early5,"1100,1200,1300,1400,1500",0.01,0,1,0.014565820242252656,0.002200391945720269,5
tfim,early5,"1100,1200,1300,1400,1500",0.1,0,1,0.015201039831820792,0.002581709060856522,5
tfim,late5,"1600,1700,1800,1900,2000",1e-08,0,1,0.009265573601871482,0.0009811401883413418,5
tfim,late5,"1600,1700,1800,1900,2000",1e-07,0,1,0.008979875021942843,0.0009025690923839964,5
tfim,late5,"1600,1700,1800,1900,2000",1e-06,0,1,0.007688867488068951,0.0007621103761957412,5
tfim,late5,"1600,1700,1800,1900,2000",1e-05,0,1,0.008312463294445465,0.0008931742353103969,5
tfim,late5,"1600,1700,1800,1900,2000",0.0001,0,1,0.009132616718143879,0.000986285050866963,5
tfim,late5,"1600,1700,1800,1900,2000",0.001,0,1,0.009954646871586365,0.0009598818240221139,5
tfim,late5,"1600,1700,1800,1900,2000",0.01,0,1,0.010451761939240172,0.0009055838067788254,5
tfim,late5,"1600,1700,1800,1900,2000",0.1,0,1,0.010613209489261435,0.0008249529423211174,5
tfim,early5,"1100,1200,1300,1400,1500",1e-08,1,2,0.014073193810286011,0.0027000581525042384,5
tfim,early5,"1100,1200,1300,1400,1500",1e-07,1,2,0.013643477319731968,0.0025939332171363736,5
tfim,early5,"1100,1200,1300,1400,1500",1e-06,1,2,0.011819308998064989,0.002382802103536525,5
tfim,early5,"1100,1200,1300,1400,1500",1e-05,1,2,0.012516556412922583,0.0025068770641664766,5
tfim,early5,"1100,1200,1300,1400,1500",0.0001,1,2,0.013293349736687726,0.002437920902282656,5
tfim,early5,"1100,1200,1300,1400,1500",0.001,1,2,0.013939786239672652,0.002265283309359353,5
tfim,early5,"1100,1200,1300,1400,1500",0.01,1,2,0.014553740168015574,0.0022810114467392575,5
tfim,early5,"1100,1200,1300,1400,1500",0.1,1,2,0.015165038681020824,0.002660719215561789,5
tfim,late5,"1600,1700,1800,1900,2000",1e-08,1,2,0.009067160607437282,0.0008085034545613434,5
tfim,late5,"1600,1700,1800,1900,2000",1e-07,1,2,0.008836374320310722,0.0008039536454324146,5
tfim,late5,"1600,1700,1800,1900,2000",1e-06,1,2,0.007618127473156214,0.0006975210331660904,5
tfim,late5,"1600,1700,1800,1900,2000",1e-05,1,2,0.008221668246974123,0.0007485273976976628,5
tfim,late5,"1600,1700,1800,1900,2000",0.0001,1,2,0.00908185807349032,0.0008530994004850289,5
tfim,late5,"1600,1700,1800,1900,2000",0.001,1,2,0.009910086760570607,0.000992814468179685,5
tfim,late5,"1600,1700,1800,1900,2000",0.01,1,2,0.01043918332350666,0.0010295916783109975,5
tfim,late5,"1600,1700,1800,1900,2000",0.1,1,2,0.010532433157098679,0.0008940073385729425,5
tfim,early5,"1100,1200,1300,1400,1500",1e-08,2,3,0.01380650635550634,0.002332048075849028,5
tfim,early5,"1100,1200,1300,1400,1500",1e-07,2,3,0.013329691116043091,0.002231430349969497,5
tfim,early5,"1100,1200,1300,1400,1500",1e-06,2,3,0.011608998082204738,0.0020282913740402595,5
tfim,early5,"1100,1200,1300,1400,1500",1e-05,2,3,0.01226068758790746,0.0020531156649262715,5
tfim,early5,"1100,1200,1300,1400,1500",0.0001,2,3,0.013098685598905374,0.0020918413772463944,5
tfim,early5,"1100,1200,1300,1400,1500",0.001,2,3,0.013787295063632157,0.0021151923368774267,5
tfim,early5,"1100,1200,1300,1400,1500",0.01,2,3,0.014436844788847731,0.0021958553531860507,5
tfim,early5,"1100,1200,1300,1400,1500",0.1,2,3,0.01512982483485116,0.0026313411678249173,5
tfim,late5,"1600,1700,1800,1900,2000",1e-08,2,3,0.009299578367304263,0.0008147268863597462,5
tfim,late5,"1600,1700,1800,1900,2000",1e-07,2,3,0.009023073523511097,0.0008175086752055338,5
tfim,late5,"1600,1700,1800,1900,2000",1e-06,2,3,0.0077746868676326995,0.0007055565085637054,5
tfim,late5,"1600,1700,1800,1900,2000",1e-05,2,3,0.008350262701606997,0.0007720149528580225,5
tfim,late5,"1600,1700,1800,1900,2000",0.0001,2,3,0.009130748556277693,0.0007415183072749231,5
tfim,late5,"1600,1700,1800,1900,2000",0.001,2,3,0.009959672729854263,0.0007223321665554394,5
tfim,late5,"1600,1700,1800,1900,2000",0.01,2,3,0.010524687276238747,0.000716557728585861,5
tfim,late5,"1600,1700,1800,1900,2000",0.1,2,3,0.010655245168484592,0.0008094898676114593,5
tfim,early5,"1100,1200,1300,1400,1500",1e-08,3,4,0.01398375422401305,0.002596845227290939,5
tfim,early5,"1100,1200,1300,1400,1500",1e-07,3,4,0.013517677501961473,0.002533112829528579,5
tfim,early5,"1100,1200,1300,1400,1500",1e-06,3,4,0.01161231324027768,0.0021326054826296273,5
tfim,early5,"1100,1200,1300,1400,1500",1e-05,3,4,0.012128345803885271,0.0019166003522958941,5
tfim,early5,"1100,1200,1300,1400,1500",0.0001,3,4,0.013136249856955754,0.001874478873641839,5
tfim,early5,"1100,1200,1300,1400,1500",0.001,3,4,0.01397174950813367,0.0018096309452200424,5
tfim,early5,"1100,1200,1300,1400,1500",0.01,3,4,0.014573723106649275,0.002034514864036478,5
tfim,early5,"1100,1200,1300,1400,1500",0.1,3,4,0.01507389199259293,0.002475450041837636,5
tfim,late5,"1600,1700,1800,1900,2000",1e-08,3,4,0.00921828461863925,0.00079390522215475,5
tfim,late5,"1600,1700,1800,1900,2000",1e-07,3,4,0.008954543695428883,0.000806161963646562,5
tfim,late5,"1600,1700,1800,1900,2000",1e-06,3,4,0.007689296767440901,0.0007021007374977763,5
tfim,late5,"1600,1700,1800,1900,2000",1e-05,3,4,0.008292549495029587,0.0007914805092108388,5
tfim,late5,"1600,1700,1800,1900,2000",0.0001,3,4,0.009169388205449224,0.0008197098369911155,5
tfim,late5,"1600,1700,1800,1900,2000",0.001,3,4,0.010026981663355953,0.0007841376236053145,5
tfim,late5,"1600,1700,1800,1900,2000",0.01,3,4,0.010562206441941006,0.0007869672799209128,5
tfim,late5,"1600,1700,1800,1900,2000",0.1,3,4,0.010730545823091131,0.0008218402674700569,5
tfim,early5,"1100,1200,1300,1400,1500",1e-08,4,5,0.01409396696452984,0.0023139418540676963,5
tfim,early5,"1100,1200,1300,1400,1500",1e-07,4,5,0.01364748354277578,0.002209976067489735,5
tfim,early5,"1100,1200,1300,1400,1500",1e-06,4,5,0.011743099366500531,0.001961207367988196,5
tfim,early5,"1100,1200,1300,1400,1500",1e-05,4,5,0.012311872996237355,0.0020897299054788362,5
tfim,early5,"1100,1200,1300,1400,1500",0.0001,4,5,0.013172247867395803,0.002140602481069142,5
tfim,early5,"1100,1200,1300,1400,1500",0.001,4,5,0.013926885000905628,0.0021266398812148945,5
tfim,early5,"1100,1200,1300,1400,1500",0.01,4,5,0.014522166776986317,0.002276911534850017,5
tfim,early5,"1100,1200,1300,1400,1500",0.1,4,5,0.015093422808664558,0.0026614031162788183,5
tfim,late5,"1600,1700,1800,1900,2000",1e-08,4,5,0.009361240727935653,0.0009687633985092149,5
tfim,late5,"1600,1700,1800,1900,2000",1e-07,4,5,0.009074343886624347,0.0009465866584998178,5
tfim,late5,"1600,1700,1800,1900,2000",1e-06,4,5,0.007796678070490534,0.0008345972518119346,5
tfim,late5,"1600,1700,1800,1900,2000",1e-05,4,5,0.008406467877701265,0.0009198565496914556,5
tfim,late5,"1600,1700,1800,1900,2000",0.0001,4,5,0.0092795517677725,0.0009574040700083598,5
tfim,late5,"1600,1700,1800,1900,2000",0.001,4,5,0.010163897903891123,0.0009545817655723424,5
tfim,late5,"1600,1700,1800,1900,2000",0.01,4,5,0.010591519399443094,0.0009460904934393678,5
tfim,late5,"1600,1700,1800,1900,2000",0.1,4,5,0.010602321114074241,0.0008588028296856631,5
tfim,early5,"1100,1200,1300,1400,1500",1e-08,5,6,0.013875218124899252,0.002779320397121552,5
tfim,early5,"1100,1200,1300,1400,1500",1e-07,5,6,0.013468545473886647,0.0026888570650354586,5
tfim,early5,"1100,1200,1300,1400,1500",1e-06,5,6,0.011590573156781499,0.00227094243574495,5
tfim,early5,"1100,1200,1300,1400,1500",1e-05,5,6,0.012303057067458859,0.002126790440530741,5
tfim,early5,"1100,1200,1300,1400,1500",0.0001,5,6,0.01327997688373434,0.0021591082890894254,5
tfim,early5,"1100,1200,1300,1400,1500",0.001,5,6,0.013949932840255733,0.002152821796516243,5
tfim,early5,"1100,1200,1300,1400,1500",0.01,5,6,0.014521648660772107,0.002297731160309596,5
tfim,early5,"1100,1200,1300,1400,1500",0.1,5,6,0.015097266372379306,0.0026791905936136354,5
tfim,late5,"1600,1700,1800,1900,2000",1e-08,5,6,0.009256604413672273,0.0009218122136161695,5
tfim,late5,"1600,1700,1800,1900,2000",1e-07,5,6,0.00895565623974085,0.0009157402005367275,5
tfim,late5,"1600,1700,1800,1900,2000",1e-06,5,6,0.007687252080195045,0.0008090200312117607,5
tfim,late5,"1600,1700,1800,1900,2000",1e-05,5,6,0.008274089101700898,0.0008335501942978612,5
tfim,late5,"1600,1700,1800,1900,2000",0.0001,5,6,0.009105713953677227,0.0007929485140434755,5
tfim,late5,"1600,1700,1800,1900,2000",0.001,5,6,0.009912890771957249,0.0008747298910256924,5
tfim,late5,"1600,1700,1800,1900,2000",0.01,5,6,0.010437021199213905,0.0008862909975689654,5
tfim,late5,"1600,1700,1800,1900,2000",0.1,5,6,0.01055465060433999,0.0008940667984623771,5
tfim,early5,"1100,1200,1300,1400,1500",1e-08,6,7,0.01385256677077926,0.0023302638790972984,5
tfim,early5,"1100,1200,1300,1400,1500",1e-07,6,7,0.013437905309436416,0.0021722441893600886,5
tfim,early5,"1100,1200,1300,1400,1500",1e-06,6,7,0.01161106653650599,0.0019454589912034752,5
tfim,early5,"1100,1200,1300,1400,1500",1e-05,6,7,0.012219864679816912,0.001925956845105351,5
tfim,early5,"1100,1200,1300,1400,1500",0.0001,6,7,0.013056236791971293,0.002053346040444207,5
tfim,early5,"1100,1200,1300,1400,1500",0.001,6,7,0.013807474849452692,0.002043517674697023,5
tfim,early5,"1100,1200,1300,1400,1500",0.01,6,7,0.014475744616398495,0.0021455441789691985,5
tfim,early5,"1100,1200,1300,1400,1500",0.1,6,7,0.015143819366914196,0.002451855673865621,5
tfim,late5,"1600,1700,1800,1900,2000",1e-08,6,7,0.009174358543974229,0.0009312553505057993,5
tfim,late5,"1600,1700,1800,1900,2000",1e-07,6,7,0.008929520840898795,0.0009120656068186387,5
tfim,late5,"1600,1700,1800,1900,2000",1e-06,6,7,0.0076488895798458596,0.0007378887332027155,5
tfim,late5,"1600,1700,1800,1900,2000",1e-05,6,7,0.00827206412604899,0.000706389938078172,5
tfim,late5,"1600,1700,1800,1900,2000",0.0001,6,7,0.009090408269695472,0.0007575127788983081,5
tfim,late5,"1600,1700,1800,1900,2000",0.001,6,7,0.009895513252266997,0.000776014348820429,5
tfim,late5,"1600,1700,1800,1900,2000",0.01,6,7,0.010367310185950048,0.0008045248837058043,5
tfim,late5,"1600,1700,1800,1900,2000",0.1,6,7,0.010620223757257503,0.0008185236045468038,5
tfim,early5,"1100,1200,1300,1400,1500",1e-08,7,8,0.01388410782776354,0.0022288095272207874,5
tfim,early5,"1100,1200,1300,1400,1500",1e-07,7,8,0.013497131804287332,0.00219758536333276,5
tfim,early5,"1100,1200,1300,1400,1500",1e-06,7,8,0.011682766100915176,0.0020309448168111225,5
tfim,early5,"1100,1200,1300,1400,1500",1e-05,7,8,0.012284840234067585,0.002038646223113723,5
tfim,early5,"1100,1200,1300,1400,1500",0.0001,7,8,0.01312041949862717,0.002169868953045004,5
tfim,early5,"1100,1200,1300,1400,1500",0.001,7,8,0.01383362774676957,0.0022716917003035198,5
tfim,early5,"1100,1200,1300,1400,1500",0.01,7,8,0.014453939174186747,0.002503604082881063,5
tfim,early5,"1100,1200,1300,1400,1500",0.1,7,8,0.01515364853444271,0.0027920297041596092,5
tfim,late5,"1600,1700,1800,1900,2000",1e-08,7,8,0.009308709309415667,0.0008327986620404758,5
tfim,late5,"1600,1700,1800,1900,2000",1e-07,7,8,0.009049255130663625,0.0007887270778549095,5
tfim,late5,"1600,1700,1800,1900,2000",1e-06,7,8,0.007751075051528858,0.0006756722230516181,5
tfim,late5,"1600,1700,1800,1900,2000",1e-05,7,8,0.008301914055968147,0.0007294102670281987,5
tfim,late5,"1600,1700,1800,1900,2000",0.0001,7,8,0.009123623617510235,0.0007451041779747856,5
tfim,late5,"1600,1700,1800,1900,2000",0.001,7,8,0.009976048907476661,0.0007463207009187784,5
tfim,late5,"1600,1700,1800,1900,2000",0.01,7,8,0.010499453863425642,0.0007451048684171907,5
tfim,late5,"1600,1700,1800,1900,2000",0.1,7,8,0.010605650937903301,0.0007897709344286962,5
tfim,early5,"1100,1200,1300,1400,1500",1e-08,8,9,0.013852663797458123,0.0027080606927404414,5
tfim,early5,"1100,1200,1300,1400,1500",1e-07,8,9,0.013437979019000262,0.0025534687847820073,5
tfim,early5,"1100,1200,1300,1400,1500",1e-06,8,9,0.0115464182029807,0.0022098115843433583,5
tfim,early5,"1100,1200,1300,1400,1500",1e-05,8,9,0.012157323080322113,0.0021675168965776515,5
tfim,early5,"1100,1200,1300,1400,1500",0.0001,8,9,0.013052566571426078,0.00226393962686422,5
tfim,early5,"1100,1200,1300,1400,1500",0.001,8,9,0.013741533665334187,0.002202531955466604,5
tfim,early5,"1100,1200,1300,1400,1500",0.01,8,9,0.014379557356108606,0.00231325504827137,5
tfim,early5,"1100,1200,1300,1400,1500",0.1,8,9,0.015071739674169743,0.0026496877865502984,5
tfim,late5,"1600,1700,1800,1900,2000",1e-08,8,9,0.009340207971571946,0.0009190406683292338,5
tfim,late5,"1600,1700,1800,1900,2000",1e-07,8,9,0.00903636879992241,0.0008564787015595465,5
tfim,late5,"1600,1700,1800,1900,2000",1e-06,8,9,0.00775207669194645,0.0007522190391292174,5
tfim,late5,"1600,1700,1800,1900,2000",1e-05,8,9,0.008356331864529483,0.0007892639642708816,5
tfim,late5,"1600,1700,1800,1900,2000",0.0001,8,9,0.00918240070995055,0.000812149900917104,5
tfim,late5,"1600,1700,1800,1900,2000",0.001,8,9,0.009985548245926896,0.0008229910751674062,5
tfim,late5,"1600,1700,1800,1900,2000",0.01,8,9,0.010508766427132828,0.0008754107767624662,5
tfim,late5,"1600,1700,1800,1900,2000",0.1,8,9,0.010707143467258377,0.0009543419417975398,5
tfim,early5,"1100,1200,1300,1400,1500",1e-08,9,10,0.013733576794443578,0.002596159097224061,5
tfim,early5,"1100,1200,1300,1400,1500",1e-07,9,10,0.013293508521855051,0.002459220045913832,5
tfim,early5,"1100,1200,1300,1400,1500",1e-06,9,10,0.011538345062077274,0.002273112812215395,5
tfim,early5,"1100,1200,1300,1400,1500",1e-05,9,10,0.012258908157364839,0.0022517419375849552,5
tfim,early5,"1100,1200,1300,1400,1500",0.0001,9,10,0.013202638639173203,0.0022375513104276783,5
tfim,early5,"1100,1200,1300,1400,1500",0.001,9,10,0.013961803001844237,0.002176597369716777,5
tfim,early5,"1100,1200,1300,1400,1500",0.01,9,10,0.014572411678169288,0.002318506939003931,5
tfim,early5,"1100,1200,1300,1400,1500",0.1,9,10,0.015187033948833648,0.002682680467990602,5
tfim,late5,"1600,1700,1800,1900,2000",1e-08,9,10,0.009328411881144536,0.0007569283885573515,5
tfim,late5,"1600,1700,1800,1900,2000",1e-07,9,10,0.009091157012251886,0.0008042170785541404,5
tfim,late5,"1600,1700,1800,1900,2000",1e-06,9,10,0.007734937356880309,0.0006414874153803955,5
tfim,late5,"1600,1700,1800,1900,2000",1e-05,9,10,0.008366287152082175,0.0006391508966275786,5
tfim,late5,"1600,1700,1800,1900,2000",0.0001,9,10,0.009205035148852344,0.0006215719315791966,5
tfim,late5,"1600,1700,1800,1900,2000",0.001,9,10,0.009994858074483286,0.000555657452331739,5
tfim,late5,"1600,1700,1800,1900,2000",0.01,9,10,0.01053128949370642,0.0005367580519975185,5
tfim,late5,"1600,1700,1800,1900,2000",0.1,9,10,0.010697016818360817,0.0005845620826038833,5
tfim,early5,"1100,1200,1300,1400,1500",1e-08,10,11,0.013690887387858019,0.002768785595267853,5
tfim,early5,"1100,1200,1300,1400,1500",1e-07,10,11,0.013282850408201482,0.0026373326929851957,5
tfim,early5,"1100,1200,1300,1400,1500",1e-06,10,11,0.011488002058636223,0.002247399465961152,5
tfim,early5,"1100,1200,1300,1400,1500",1e-05,10,11,0.01216586018276554,0.0021454611880684614,5
tfim,early5,"1100,1200,1300,1400,1500",0.0001,10,11,0.013118115253425638,0.0022098338423876696,5
tfim,early5,"1100,1200,1300,1400,1500",0.001,10,11,0.013776900834068812,0.002305101917841025,5
tfim,early5,"1100,1200,1300,1400,1500",0.01,10,11,0.014322026337165644,0.0024745257150727076,5
tfim,early5,"1100,1200,1300,1400,1500",0.1,10,11,0.015001162837569965,0.0026043356752027385,5
tfim,late5,"1600,1700,1800,1900,2000",1e-08,10,11,0.009275397011951824,0.0007259058536526851,5
tfim,late5,"1600,1700,1800,1900,2000",1e-07,10,11,0.00902821017977082,0.0007122785110803952,5
tfim,late5,"1600,1700,1800,1900,2000",1e-06,10,11,0.0076510357371779815,0.0006169089170859617,5
tfim,late5,"1600,1700,1800,1900,2000",1e-05,10,11,0.008263425908850836,0.0007608333997537386,5
tfim,late5,"1600,1700,1800,1900,2000",0.0001,10,11,0.009137861220499211,0.0008915294841799416,5
tfim,late5,"1600,1700,1800,1900,2000",0.001,10,11,0.010029446368264897,0.0008817577159351567,5
tfim,late5,"1600,1700,1800,1900,2000",0.01,10,11,0.010510562611778749,0.0008484700784007985,5
tfim,late5,"1600,1700,1800,1900,2000",0.1,10,11,0.010616984302818069,0.0008680524717063854,5
tfim,early5,"1100,1200,1300,1400,1500",1e-08,11,12,0.013898651359833031,0.0023278117942641266,5
tfim,early5,"1100,1200,1300,1400,1500",1e-07,11,12,0.013496403293882792,0.0022558163768829813,5
tfim,early5,"1100,1200,1300,1400,1500",1e-06,11,12,0.01168253577633879,0.0020196970862116914,5
tfim,early5,"1100,1200,1300,1400,1500",1e-05,11,12,0.012257213522322294,0.0019445847738559956,5
tfim,early5,"1100,1200,1300,1400,1500",0.0001,11,12,0.013083075618033322,0.0020169533925404014,5
tfim,early5,"1100,1200,1300,1400,1500",0.001,11,12,0.013800467348965274,0.002134504214327949,5
tfim,early5,"1100,1200,1300,1400,1500",0.01,11,12,0.01438481632138521,0.0023694148414473487,5
tfim,early5,"1100,1200,1300,1400,1500",0.1,11,12,0.015021564237164095,0.002756470993349252,5
tfim,late5,"1600,1700,1800,1900,2000",1e-08,11,12,0.009253991495413344,0.0007278477108100128,5
tfim,late5,"1600,1700,1800,1900,2000",1e-07,11,12,0.008952001157363637,0.0007223260383604048,5
tfim,late5,"1600,1700,1800,1900,2000",1e-06,11,12,0.007729269246010309,0.0006316600386324256,5
tfim,late5,"1600,1700,1800,1900,2000",1e-05,11,12,0.008364712125497565,0.0007521954777576868,5
tfim,late5,"1600,1700,1800,1900,2000",0.0001,11,12,0.00919790231102032,0.0008467346930181816,5
tfim,late5,"1600,1700,1800,1900,2000",0.001,11,12,0.010057562490022003,0.0008588093351139381,5
tfim,late5,"1600,1700,1800,1900,2000",0.01,11,12,0.0105264772695579,0.0008506902238441562,5
tfim,late5,"1600,1700,1800,1900,2000",0.1,11,12,0.01072516266149634,0.000935290316558467,5
tfim,early5,"1100,1200,1300,1400,1500",1e-08,12,13,0.013985772690466062,0.0022428867203872992,5
tfim,early5,"1100,1200,1300,1400,1500",1e-07,12,13,0.013551422573992822,0.0021387835501913964,5
tfim,early5,"1100,1200,1300,1400,1500",1e-06,12,13,0.011622340656606608,0.00194722054353059,5
tfim,early5,"1100,1200,1300,1400,1500",1e-05,12,13,0.012229272218188345,0.002035553175940614,5
tfim,early5,"1100,1200,1300,1400,1500",0.0001,12,13,0.013144857356113426,0.002126180680096603,5
tfim,early5,"1100,1200,1300,1400,1500",0.001,12,13,0.013915706904520212,0.0021259254903463237,5
tfim,early5,"1100,1200,1300,1400,1500",0.01,12,13,0.014593794457922199,0.0022915561882304075,5
tfim,early5,"1100,1200,1300,1400,1500",0.1,12,13,0.015268705538082131,0.0026602766000987156,5
tfim,late5,"1600,1700,1800,1900,2000",1e-08,12,13,0.009502138619113984,0.0006665842820154275,5
tfim,late5,"1600,1700,1800,1900,2000",1e-07,12,13,0.009213195866560829,0.0006990016044858444,5
tfim,late5,"1600,1700,1800,1900,2000",1e-06,12,13,0.007850641714536543,0.0006260447984965821,5
tfim,late5,"1600,1700,1800,1900,2000",1e-05,12,13,0.008421960795727317,0.0006870188842411151,5
tfim,late5,"1600,1700,1800,1900,2000",0.0001,12,13,0.009249030335710406,0.0007036310338156501,5
tfim,late5,"1600,1700,1800,1900,2000",0.001,12,13,0.010170185412463681,0.0007009048092084085,5
tfim,late5,"1600,1700,1800,1900,2000",0.01,12,13,0.010651459788368494,0.0007583256363437154,5
tfim,late5,"1600,1700,1800,1900,2000",0.1,12,13,0.010625319268928993,0.0008260372917750419,5
tfim,early5,"1100,1200,1300,1400,1500",1e-08,13,14,0.013974818511880333,0.002413720587423534,5
tfim,early5,"1100,1200,1300,1400,1500",1e-07,13,14,0.013552754637466876,0.0023149454739205978,5
tfim,early5,"1100,1200,1300,1400,1500",1e-06,13,14,0.011746388639030115,0.0021370795946074306,5
tfim,early5,"1100,1200,1300,1400,1500",1e-05,13,14,0.012331096173981843,0.002092427011633368,5
tfim,early5,"1100,1200,1300,1400,1500",0.0001,13,14,0.013132931956984298,0.002141859847741968,5
tfim,early5,"1100,1200,1300,1400,1500",0.001,13,14,0.013924357540482482,0.002128159323622066,5
tfim,early5,"1100,1200,1300,1400,1500",0.01,13,14,0.014613204793075523,0.0021696218949800753,5
tfim,early5,"1100,1200,1300,1400,1500",0.1,13,14,0.015152288533745395,0.0024414550832232277,5
tfim,late5,"1600,1700,1800,1900,2000",1e-08,13,14,0.009268167500940361,0.0009002304094981408,5
tfim,late5,"1600,1700,1800,1900,2000",1e-07,13,14,0.008955909623299757,0.0008505392431434201,5
tfim,late5,"1600,1700,1800,1900,2000",1e-06,13,14,0.007705307401841372,0.0007692931731341801,5
tfim,late5,"1600,1700,1800,1900,2000",1e-05,13,14,0.008350748054205093,0.0008984195722344422,5
tfim,late5,"1600,1700,1800,1900,2000",0.0001,13,14,0.009171867443353954,0.0009535252796949345,5
tfim,late5,"1600,1700,1800,1900,2000",0.001,13,14,0.009967162600167157,0.0010086712647212456,5
tfim,late5,"1600,1700,1800,1900,2000",0.01,13,14,0.010428285801850271,0.001003454438011518,5
tfim,late5,"1600,1700,1800,1900,2000",0.1,13,14,0.010555917733711886,0.0008885993083412049,5
tfim,early5,"1100,1200,1300,1400,1500",1e-08,14,15,0.014052376001659404,0.002619574157617809,5
tfim,early5,"1100,1200,1300,1400,1500",1e-07,14,15,0.013584012688072824,0.0024948368185975555,5
tfim,early5,"1100,1200,1300,1400,1500",1e-06,14,15,0.01172850811683442,0.0021492721997044624,5
tfim,early5,"1100,1200,1300,1400,1500",1e-05,14,15,0.01237147061202975,0.0019573493133047074,5
tfim,early5,"1100,1200,1300,1400,1500",0.0001,14,15,0.01327219365266612,0.0019521377577827728,5
tfim,early5,"1100,1200,1300,1400,1500",0.001,14,15,0.013982514656004414,0.0019850064322075767,5
tfim,early5,"1100,1200,1300,1400,1500",0.01,14,15,0.014603634869447763,0.0021375883032970023,5
tfim,early5,"1100,1200,1300,1400,1500",0.1,14,15,0.015307286489764626,0.0023680532369914032,5
tfim,late5,"1600,1700,1800,1900,2000",1e-08,14,15,0.009218871375290757,0.0006968968091064006,5
tfim,late5,"1600,1700,1800,1900,2000",1e-07,14,15,0.008967211584387633,0.0006504164515233772,5
tfim,late5,"1600,1700,1800,1900,2000",1e-06,14,15,0.007691565954086647,0.0006388077594830937,5
tfim,late5,"1600,1700,1800,1900,2000",1e-05,14,15,0.008313637991667431,0.0007337468768810965,5
tfim,late5,"1600,1700,1800,1900,2000",0.0001,14,15,0.00914543658685522,0.0007738580202889333,5
tfim,late5,"1600,1700,1800,1900,2000",0.001,14,15,0.009905146041964227,0.000780215354404711,5
tfim,late5,"1600,1700,1800,1900,2000",0.01,14,15,0.010382246508600984,0.000794956894606083,5
tfim,late5,"1600,1700,1800,1900,2000",0.1,14,15,0.010560505207250019,0.0007958486905182765,5
tfim,early5,"1100,1200,1300,1400,1500",1e-08,15,16,0.013885344217714373,0.0023564888174788176,5
tfim,early5,"1100,1200,1300,1400,1500",1e-07,15,16,0.013461093647646218,0.002204282346141796,5
tfim,early5,"1100,1200,1300,1400,1500",1e-06,15,16,0.011628703357337875,0.0020561913079719728,5
tfim,early5,"1100,1200,1300,1400,1500",1e-05,15,16,0.01228790033753059,0.0020009339227536516,5
tfim,early5,"1100,1200,1300,1400,1500",0.0001,15,16,0.013128891558426652,0.0020302493008165006,5
tfim,early5,"1100,1200,1300,1400,1500",0.001,15,16,0.013965136834327877,0.0019923616313487196,5
tfim,early5,"1100,1200,1300,1400,1500",0.01,15,16,0.01466927211099294,0.002100777474401336,5
tfim,early5,"1100,1200,1300,1400,1500",0.1,15,16,0.015227704176467247,0.002436495674101007,5
tfim,late5,"1600,1700,1800,1900,2000",1e-08,15,16,0.009199210952009275,0.0007585591682632554,5
tfim,late5,"1600,1700,1800,1900,2000",1e-07,15,16,0.00892031746373324,0.0007089543430151835,5
tfim,late5,"1600,1700,1800,1900,2000",1e-06,15,16,0.007686187573586486,0.0006498259988669936,5
tfim,late5,"1600,1700,1800,1900,2000",1e-05,15,16,0.00835492819812721,0.0007456968694939267,5
tfim,late5,"1600,1700,1800,1900,2000",0.0001,15,16,0.009214734866665178,0.0008195348375697545,5
tfim,late5,"1600,1700,1800,1900,2000",0.001,15,16,0.010058647006258142,0.0008613998790921929,5
tfim,late5,"1600,1700,1800,1900,2000",0.01,15,16,0.010512313037821297,0.0008420412451049155,5
tfim,late5,"1600,1700,1800,1900,2000",0.1,15,16,0.01062638111473218,0.0008674113157181953,5
tfim,early5,"1100,1200,1300,1400,1500",1e-08,16,17,0.014028362570484764,0.002210629156021291,5
tfim,early5,"1100,1200,1300,1400,1500",1e-07,16,17,0.013633833928851233,0.002069917524183106,5
tfim,early5,"1100,1200,1300,1400,1500",1e-06,16,17,0.011719693889671865,0.0018584493377777369,5
tfim,early5,"1100,1200,1300,1400,1500",1e-05,16,17,0.012355784114158472,0.0019030778810579625,5
tfim,early5,"1100,1200,1300,1400,1500",0.0001,16,17,0.013228353147163589,0.0019354113148987392,5
tfim,early5,"1100,1200,1300,1400,1500",0.001,16,17,0.013879478607367967,0.001960661771693121,5
tfim,early5,"1100,1200,1300,1400,1500",0.01,16,17,0.014522772983540369,0.0020929005609699085,5
tfim,early5,"1100,1200,1300,1400,1500",0.1,16,17,0.015157545039011153,0.002486933212711239,5
tfim,late5,"1600,1700,1800,1900,2000",1e-08,16,17,0.00929924730174882,0.0009550592637103606,5
tfim,late5,"1600,1700,1800,1900,2000",1e-07,16,17,0.009048506040889238,0.0008767934594194257,5
tfim,late5,"1600,1700,1800,1900,2000",1e-06,16,17,0.007733272312134503,0.0007717860855235133,5
tfim,late5,"1600,1700,1800,1900,2000",1e-05,16,17,0.008336490596171251,0.0008438592070798099,5
tfim,late5,"1600,1700,1800,1900,2000",0.0001,16,17,0.009166917773238536,0.0009751659185790866,5
tfim,late5,"1600,1700,1800,1900,2000",0.001,16,17,0.009935370275967165,0.0008845900984125039,5
tfim,late5,"1600,1700,1800,1900,2000",0.01,16,17,0.010409664355552184,0.0008017255863415228,5
tfim,late5,"1600,1700,1800,1900,2000",0.1,16,17,0.01062697368900373,0.0007657572038454144,5
tfim,early5,"1100,1200,1300,1400,1500",1e-08,17,18,0.014262443099820466,0.002619472857427243,5
tfim,early5,"1100,1200,1300,1400,1500",1e-07,17,18,0.013777535077619673,0.0025240211930379064,5
tfim,early5,"1100,1200,1300,1400,1500",1e-06,17,18,0.011909484759122803,0.00219074311336696,5
tfim,early5,"1100,1200,1300,1400,1500",1e-05,17,18,0.012473457107897825,0.0021564060562201475,5
tfim,early5,"1100,1200,1300,1400,1500",0.0001,17,18,0.013335217503509269,0.002236484556035498,5
tfim,early5,"1100,1200,1300,1400,1500",0.001,17,18,0.01403195607585105,0.002258337400880534,5
tfim,early5,"1100,1200,1300,1400,1500",0.01,17,18,0.014606728890324392,0.0023137758068585653,5
tfim,early5,"1100,1200,1300,1400,1500",0.1,17,18,0.015145828653181962,0.002608606505690715,5
tfim,late5,"1600,1700,1800,1900,2000",1e-08,17,18,0.00924389496120761,0.0009887307689094627,5
tfim,late5,"1600,1700,1800,1900,2000",1e-07,17,18,0.008958563635517704,0.0009499652901100011,5
tfim,late5,"1600,1700,1800,1900,2000",1e-06,17,18,0.0076466879958706725,0.0007996259676528991,5
tfim,late5,"1600,1700,1800,1900,2000",1e-05,17,18,0.008243807607677008,0.0007180119677226374,5
tfim,late5,"1600,1700,1800,1900,2000",0.0001,17,18,0.00913053905233944,0.0007188432646743744,5
tfim,late5,"1600,1700,1800,1900,2000",0.001,17,18,0.010017604657578337,0.0007640299418999855,5
tfim,late5,"1600,1700,1800,1900,2000",0.01,17,18,0.010551592019433514,0.0006965460116065852,5
tfim,late5,"1600,1700,1800,1900,2000",0.1,17,18,0.010663300378292193,0.0006697425587865569,5
tfim,early5,"1100,1200,1300,1400,1500",1e-08,18,19,0.013901721999827862,0.0024340997886952457,5
tfim,early5,"1100,1200,1300,1400,1500",1e-07,18,19,0.013465388945602721,0.0023920240114983535,5
tfim,early5,"1100,1200,1300,1400,1500",1e-06,18,19,0.011569363356452296,0.001995864147037888,5
tfim,early5,"1100,1200,1300,1400,1500",1e-05,18,19,0.012067042213365691,0.001803812919473112,5
tfim,early5,"1100,1200,1300,1400,1500",0.0001,18,19,0.012969403238601579,0.001859671166691659,5
tfim,early5,"1100,1200,1300,1400,1500",0.001,18,19,0.013714068211918487,0.0019374489786034767,5
tfim,early5,"1100,1200,1300,1400,1500",0.01,18,19,0.014280540407464704,0.0021731965890408847,5
tfim,early5,"1100,1200,1300,1400,1500",0.1,18,19,0.014962723459110084,0.002532435817237229,5
tfim,late5,"1600,1700,1800,1900,2000",1e-08,18,19,0.009393942870037081,0.0009343538769547545,5
tfim,late5,"1600,1700,1800,1900,2000",1e-07,18,19,0.009124800053085688,0.0008637793776745671,5
tfim,late5,"1600,1700,1800,1900,2000",1e-06,18,19,0.007757109696972392,0.0006981551610003593,5
tfim,late5,"1600,1700,1800,1900,2000",1e-05,18,19,0.008363824861148002,0.000688240854338787,5
tfim,late5,"1600,1700,1800,1900,2000",0.0001,18,19,0.00924772140473408,0.0007007666876129871,5
tfim,late5,"1600,1700,1800,1900,2000",0.001,18,19,0.010134338841591742,0.0006827467933680981,5
tfim,late5,"1600,1700,1800,1900,2000",0.01,18,19,0.010613770078722096,0.000624832268481554,5
tfim,late5,"1600,1700,1800,1900,2000",0.1,18,19,0.010701794823932841,0.0006525976284427018,5
tfim,early5,"1100,1200,1300,1400,1500",1e-08,19,20,0.014045416635567475,0.0024226332617635566,5
tfim,early5,"1100,1200,1300,1400,1500",1e-07,19,20,0.013665259363533282,0.0023488207416070732,5
tfim,early5,"1100,1200,1300,1400,1500",1e-06,19,20,0.011731369805361266,0.002093218465711481,5
tfim,early5,"1100,1200,1300,1400,1500",1e-05,19,20,0.012196261293695238,0.002122987078658716,5
tfim,early5,"1100,1200,1300,1400,1500",0.0001,19,20,0.01304274502756137,0.0021781667929048148,5
tfim,early5,"1100,1200,1300,1400,1500",0.001,19,20,0.013780027694830072,0.0020972895565810885,5
tfim,early5,"1100,1200,1300,1400,1500",0.01,19,20,0.014387656059872439,0.0022165402922802724,5
tfim,early5,"1100,1200,1300,1400,1500",0.1,19,20,0.015006093927980805,0.0025290311488004153,5
tfim,late5,"1600,1700,1800,1900,2000",1e-08,19,20,0.009262966247371425,0.0007433306387105083,5
tfim,late5,"1600,1700,1800,1900,2000",1e-07,19,20,0.008985365363130318,0.0006980919037320771,5
tfim,late5,"1600,1700,1800,1900,2000",1e-06,19,20,0.007757260098074358,0.0006618509261552964,5
tfim,late5,"1600,1700,1800,1900,2000",1e-05,19,20,0.00838784097562569,0.0007250126807364123,5
tfim,late5,"1600,1700,1800,1900,2000",0.0001,19,20,0.009241598717691956,0.0008227177920243095,5
tfim,late5,"1600,1700,1800,1900,2000",0.001,19,20,0.010054214980892246,0.0008159116866733269,5
tfim,late5,"1600,1700,1800,1900,2000",0.01,19,20,0.01051268220414348,0.0007026211501808845,5
tfim,late5,"1600,1700,1800,1900,2000",0.1,19,20,0.01060669802213234,0.0007182261363673129,5
